"LOCATION","INDICATOR","SUBJECT","MEASURE","FREQUENCY","TIME","Value","Flag Codes"
"AUS","HEALTHEXP","TOT","USD_CAP","A","2015",4381.229,"D"
"AUS","HEALTHEXP","TOT","USD_CAP","A","2016",4565.873,"D"
"AUS","HEALTHEXP","TOT","USD_CAP","A","2017",4790.513,
"AUS","HEALTHEXP","TOT","USD_CAP","A","2018",5005.316,
"AUT","HEALTHEXP","TOT","USD_CAP","A","2015",4944.771,
"AUT","HEALTHEXP","TOT","USD_CAP","A","2016",5139.924,
"AUT","HEALTHEXP","TOT","USD_CAP","A","2017",5270.235,
"AUT","HEALTHEXP","TOT","USD_CAP","A","2018",5395.106,"P"
"BEL","HEALTHEXP","TOT","USD_CAP","A","2015",4526.597,
"BEL","HEALTHEXP","TOT","USD_CAP","A","2016",4666.226,
"BEL","HEALTHEXP","TOT","USD_CAP","A","2017",4832.265,
"BEL","HEALTHEXP","TOT","USD_CAP","A","2018",4943.537,"E"
"CAN","HEALTHEXP","TOT","USD_CAP","A","2015",4550.831,
"CAN","HEALTHEXP","TOT","USD_CAP","A","2016",4698.016,
"CAN","HEALTHEXP","TOT","USD_CAP","A","2017",4811.79,"P"
"CAN","HEALTHEXP","TOT","USD_CAP","A","2018",4974.33,"P"
"CZE","HEALTHEXP","TOT","USD_CAP","A","2015",2545.511,
"CZE","HEALTHEXP","TOT","USD_CAP","A","2016",2627.698,
"CZE","HEALTHEXP","TOT","USD_CAP","A","2017",2850.406,
"CZE","HEALTHEXP","TOT","USD_CAP","A","2018",3057.615,"E"
"DNK","HEALTHEXP","TOT","USD_CAP","A","2015",4674.496,
"DNK","HEALTHEXP","TOT","USD_CAP","A","2016",4774.269,
"DNK","HEALTHEXP","TOT","USD_CAP","A","2017",5024.522,
"DNK","HEALTHEXP","TOT","USD_CAP","A","2018",5298.821,"E"
"FIN","HEALTHEXP","TOT","USD_CAP","A","2015",3990.642,
"FIN","HEALTHEXP","TOT","USD_CAP","A","2016",4023.443,
"FIN","HEALTHEXP","TOT","USD_CAP","A","2017",4126.719,
"FIN","HEALTHEXP","TOT","USD_CAP","A","2018",4228.211,"P"
"FRA","HEALTHEXP","TOT","USD_CAP","A","2015",4675.804,
"FRA","HEALTHEXP","TOT","USD_CAP","A","2016",4844.017,
"FRA","HEALTHEXP","TOT","USD_CAP","A","2017",4930.776,
"FRA","HEALTHEXP","TOT","USD_CAP","A","2018",4964.71,"E"
"DEU","HEALTHEXP","TOT","USD_CAP","A","2015",5291.281,
"DEU","HEALTHEXP","TOT","USD_CAP","A","2016",5550.175,
"DEU","HEALTHEXP","TOT","USD_CAP","A","2017",5847.676,
"DEU","HEALTHEXP","TOT","USD_CAP","A","2018",5986.43,"P"
"GRC","HEALTHEXP","TOT","USD_CAP","A","2015",2100.338,
"GRC","HEALTHEXP","TOT","USD_CAP","A","2016",2198.044,
"GRC","HEALTHEXP","TOT","USD_CAP","A","2017",2207.064,
"GRC","HEALTHEXP","TOT","USD_CAP","A","2018",2238.171,"E"
"HUN","HEALTHEXP","TOT","USD_CAP","A","2015",1891.727,
"HUN","HEALTHEXP","TOT","USD_CAP","A","2016",1965.018,
"HUN","HEALTHEXP","TOT","USD_CAP","A","2017",1996.449,
"HUN","HEALTHEXP","TOT","USD_CAP","A","2018",2046.777,"P"
"ISL","HEALTHEXP","TOT","USD_CAP","A","2015",3735.245,
"ISL","HEALTHEXP","TOT","USD_CAP","A","2016",3916.333,
"ISL","HEALTHEXP","TOT","USD_CAP","A","2017",4153.873,
"ISL","HEALTHEXP","TOT","USD_CAP","A","2018",4349.094,"E"
"IRL","HEALTHEXP","TOT","USD_CAP","A","2015",4301.85,
"IRL","HEALTHEXP","TOT","USD_CAP","A","2016",4470.748,
"IRL","HEALTHEXP","TOT","USD_CAP","A","2017",4631.116,
"IRL","HEALTHEXP","TOT","USD_CAP","A","2018",4915.493,"E"
"ITA","HEALTHEXP","TOT","USD_CAP","A","2015",3129.27,
"ITA","HEALTHEXP","TOT","USD_CAP","A","2016",3264.368,
"ITA","HEALTHEXP","TOT","USD_CAP","A","2017",3376.315,
"ITA","HEALTHEXP","TOT","USD_CAP","A","2018",3427.807,"P"
"JPN","HEALTHEXP","TOT","USD_CAP","A","2015",4516.862,
"JPN","HEALTHEXP","TOT","USD_CAP","A","2016",4512.845,
"JPN","HEALTHEXP","TOT","USD_CAP","A","2017",4629.559,"P"
"JPN","HEALTHEXP","TOT","USD_CAP","A","2018",4766.071,"P"
"KOR","HEALTHEXP","TOT","USD_CAP","A","2015",2488.016,
"KOR","HEALTHEXP","TOT","USD_CAP","A","2016",2678.23,
"KOR","HEALTHEXP","TOT","USD_CAP","A","2017",2870.253,
"KOR","HEALTHEXP","TOT","USD_CAP","A","2018",3191.554,"P"
"LUX","HEALTHEXP","TOT","USD_CAP","A","2015",4820.829,
"LUX","HEALTHEXP","TOT","USD_CAP","A","2016",4873.862,
"LUX","HEALTHEXP","TOT","USD_CAP","A","2017",4940.672,
"LUX","HEALTHEXP","TOT","USD_CAP","A","2018",5070.172,"E"
"MEX","HEALTHEXP","TOT","USD_CAP","A","2015",1075.433,
"MEX","HEALTHEXP","TOT","USD_CAP","A","2016",1065.875,"B"
"MEX","HEALTHEXP","TOT","USD_CAP","A","2017",1104.972,
"MEX","HEALTHEXP","TOT","USD_CAP","A","2018",1137.964,"E"
"NLD","HEALTHEXP","TOT","USD_CAP","A","2015",4928.366,
"NLD","HEALTHEXP","TOT","USD_CAP","A","2016",5018.406,
"NLD","HEALTHEXP","TOT","USD_CAP","A","2017",5155.043,
"NLD","HEALTHEXP","TOT","USD_CAP","A","2018",5288.436,"P"
"NZL","HEALTHEXP","TOT","USD_CAP","A","2015",3513.375,"P"
"NZL","HEALTHEXP","TOT","USD_CAP","A","2016",3662.218,"P"
"NZL","HEALTHEXP","TOT","USD_CAP","A","2017",3742.228,"P"
"NZL","HEALTHEXP","TOT","USD_CAP","A","2018",3922.635,"P"
"NOR","HEALTHEXP","TOT","USD_CAP","A","2015",5728.329,
"NOR","HEALTHEXP","TOT","USD_CAP","A","2016",5803.702,
"NOR","HEALTHEXP","TOT","USD_CAP","A","2017",6063.613,"P"
"NOR","HEALTHEXP","TOT","USD_CAP","A","2018",6186.92,"P"
"POL","HEALTHEXP","TOT","USD_CAP","A","2015",1802.995,
"POL","HEALTHEXP","TOT","USD_CAP","A","2016",1915.052,
"POL","HEALTHEXP","TOT","USD_CAP","A","2017",2047.73,
"POL","HEALTHEXP","TOT","USD_CAP","A","2018",2056.358,"P"
"PRT","HEALTHEXP","TOT","USD_CAP","A","2015",2540.072,
"PRT","HEALTHEXP","TOT","USD_CAP","A","2016",2667.691,
"PRT","HEALTHEXP","TOT","USD_CAP","A","2017",2758.526,
"PRT","HEALTHEXP","TOT","USD_CAP","A","2018",2861.383,"P"
"SVK","HEALTHEXP","TOT","USD_CAP","A","2015",2059.654,
"SVK","HEALTHEXP","TOT","USD_CAP","A","2016",2187.367,
"SVK","HEALTHEXP","TOT","USD_CAP","A","2017",2187.762,
"SVK","HEALTHEXP","TOT","USD_CAP","A","2018",2290.33,"E"
"ESP","HEALTHEXP","TOT","USD_CAP","A","2015",3024.647,
"ESP","HEALTHEXP","TOT","USD_CAP","A","2016",3105.646,
"ESP","HEALTHEXP","TOT","USD_CAP","A","2017",3224.091,
"ESP","HEALTHEXP","TOT","USD_CAP","A","2018",3322.619,"E"
"SWE","HEALTHEXP","TOT","USD_CAP","A","2015",5027.333,
"SWE","HEALTHEXP","TOT","USD_CAP","A","2016",5048.876,
"SWE","HEALTHEXP","TOT","USD_CAP","A","2017",5264.4,
"SWE","HEALTHEXP","TOT","USD_CAP","A","2018",5447.109,"P"
"CHE","HEALTHEXP","TOT","USD_CAP","A","2015",6760.507,
"CHE","HEALTHEXP","TOT","USD_CAP","A","2016",6942.187,
"CHE","HEALTHEXP","TOT","USD_CAP","A","2017",7146.838,
"CHE","HEALTHEXP","TOT","USD_CAP","A","2018",7316.605,"E"
"TUR","HEALTHEXP","TOT","USD_CAP","A","2015",1040.373,
"TUR","HEALTHEXP","TOT","USD_CAP","A","2016",1126.755,
"TUR","HEALTHEXP","TOT","USD_CAP","A","2017",1185.602,
"TUR","HEALTHEXP","TOT","USD_CAP","A","2018",1226.585,"E"
"GBR","HEALTHEXP","TOT","USD_CAP","A","2015",3703.081,
"GBR","HEALTHEXP","TOT","USD_CAP","A","2016",3833.251,
"GBR","HEALTHEXP","TOT","USD_CAP","A","2017",3942.903,
"GBR","HEALTHEXP","TOT","USD_CAP","A","2018",4069.569,"E"
"USA","HEALTHEXP","TOT","USD_CAP","A","2015",9505.074,
"USA","HEALTHEXP","TOT","USD_CAP","A","2016",9903.651,
"USA","HEALTHEXP","TOT","USD_CAP","A","2017",10206.51,
"USA","HEALTHEXP","TOT","USD_CAP","A","2018",10586.084,"E"
"CHL","HEALTHEXP","TOT","USD_CAP","A","2015",1837.686,
"CHL","HEALTHEXP","TOT","USD_CAP","A","2016",1897.797,
"CHL","HEALTHEXP","TOT","USD_CAP","A","2017",2095.28,
"CHL","HEALTHEXP","TOT","USD_CAP","A","2018",2181.726,"P"
"EST","HEALTHEXP","TOT","USD_CAP","A","2015",1868.235,
"EST","HEALTHEXP","TOT","USD_CAP","A","2016",2012.957,
"EST","HEALTHEXP","TOT","USD_CAP","A","2017",2120.49,
"EST","HEALTHEXP","TOT","USD_CAP","A","2018",2231.406,"P"
"ISR","HEALTHEXP","TOT","USD_CAP","A","2015",2309.13,
"ISR","HEALTHEXP","TOT","USD_CAP","A","2016",2551.4,
"ISR","HEALTHEXP","TOT","USD_CAP","A","2017",2666.404,
"ISR","HEALTHEXP","TOT","USD_CAP","A","2018",2779.656,"E"
"SVN","HEALTHEXP","TOT","USD_CAP","A","2015",2574.155,
"SVN","HEALTHEXP","TOT","USD_CAP","A","2016",2682.92,
"SVN","HEALTHEXP","TOT","USD_CAP","A","2017",2801.233,
"SVN","HEALTHEXP","TOT","USD_CAP","A","2018",2859.446,"P"
"BRA","HEALTHEXP","TOT","USD_CAP","A","2015",1279.359,"E"
"BRA","HEALTHEXP","TOT","USD_CAP","A","2016",1281.617,"E"
"CHN","HEALTHEXP","TOT","USD_CAP","A","2015",640.583,
"CHN","HEALTHEXP","TOT","USD_CAP","A","2016",688.003,
"COL","HEALTHEXP","TOT","USD_CAP","A","2015",951.651,
"COL","HEALTHEXP","TOT","USD_CAP","A","2016",932.062,
"COL","HEALTHEXP","TOT","USD_CAP","A","2017",960.169,
"IND","HEALTHEXP","TOT","USD_CAP","A","2015",194.207,
"IND","HEALTHEXP","TOT","USD_CAP","A","2016",208.772,
"IDN","HEALTHEXP","TOT","USD_CAP","A","2015",278.063,
"IDN","HEALTHEXP","TOT","USD_CAP","A","2016",300.546,
"LVA","HEALTHEXP","TOT","USD_CAP","A","2015",1405.023,
"LVA","HEALTHEXP","TOT","USD_CAP","A","2016",1582.955,
"LVA","HEALTHEXP","TOT","USD_CAP","A","2017",1649.277,
"LVA","HEALTHEXP","TOT","USD_CAP","A","2018",1748.537,"E"
"LTU","HEALTHEXP","TOT","USD_CAP","A","2015",1917.586,
"LTU","HEALTHEXP","TOT","USD_CAP","A","2016",2057.825,
"LTU","HEALTHEXP","TOT","USD_CAP","A","2017",2182.469,
"LTU","HEALTHEXP","TOT","USD_CAP","A","2018",2415.823,"P"
"RUS","HEALTHEXP","TOT","USD_CAP","A","2015",1424.522,
"RUS","HEALTHEXP","TOT","USD_CAP","A","2016",1419.473,
"RUS","HEALTHEXP","TOT","USD_CAP","A","2017",1513.667,
"ZAF","HEALTHEXP","TOT","USD_CAP","A","2015",1075.208,
"ZAF","HEALTHEXP","TOT","USD_CAP","A","2016",1071.555,
"OAVG","HEALTHEXP","TOT","USD_CAP","A","2015",3588.509806,
"OAVG","HEALTHEXP","TOT","USD_CAP","A","2016",3717.656111,
"OAVG","HEALTHEXP","TOT","USD_CAP","A","2017",3856.543722,
"OAVG","HEALTHEXP","TOT","USD_CAP","A","2018",3994.122389,
"CRI","HEALTHEXP","TOT","USD_CAP","A","2015",1254.069,
"CRI","HEALTHEXP","TOT","USD_CAP","A","2016",1284.833,
"BGR","HEALTHEXP","TOT","USD_CAP","A","2015",1576.52,
"BGR","HEALTHEXP","TOT","USD_CAP","A","2016",1713.23,
"BGR","HEALTHEXP","TOT","USD_CAP","A","2017",1782.754,
"HRV","HEALTHEXP","TOT","USD_CAP","A","2015",1506.211,
"HRV","HEALTHEXP","TOT","USD_CAP","A","2016",1638.754,
"HRV","HEALTHEXP","TOT","USD_CAP","A","2017",1715.53,
"CYP","HEALTHEXP","TOT","USD_CAP","A","2015",2066.809,
"CYP","HEALTHEXP","TOT","USD_CAP","A","2016",2187.812,
"CYP","HEALTHEXP","TOT","USD_CAP","A","2017",2276.756,
"MLT","HEALTHEXP","TOT","USD_CAP","A","2015",3216.339,
"MLT","HEALTHEXP","TOT","USD_CAP","A","2016",3398.83,
"MLT","HEALTHEXP","TOT","USD_CAP","A","2017",3714.601,
"ROU","HEALTHEXP","TOT","USD_CAP","A","2015",1087.612,
"ROU","HEALTHEXP","TOT","USD_CAP","A","2016",1229.375,
"ROU","HEALTHEXP","TOT","USD_CAP","A","2017",1399.628,
"AUS","HEALTHEXP","COMPULSORY","USD_CAP","A","2015",2988.358,"D"
"AUS","HEALTHEXP","COMPULSORY","USD_CAP","A","2016",3131.948,"D"
"AUS","HEALTHEXP","COMPULSORY","USD_CAP","A","2017",3301.249,
"AUS","HEALTHEXP","COMPULSORY","USD_CAP","A","2018",3467.036,
"AUS","HEALTHEXP","VOLUNTARY","USD_CAP","A","2015",1392.871,"D"
"AUS","HEALTHEXP","VOLUNTARY","USD_CAP","A","2016",1433.925,"D"
"AUS","HEALTHEXP","VOLUNTARY","USD_CAP","A","2017",1489.263,
"AUS","HEALTHEXP","VOLUNTARY","USD_CAP","A","2018",1538.28,
"AUT","HEALTHEXP","COMPULSORY","USD_CAP","A","2015",3662.009,
"AUT","HEALTHEXP","COMPULSORY","USD_CAP","A","2016",3794.019,
"AUT","HEALTHEXP","COMPULSORY","USD_CAP","A","2017",3900.096,
"AUT","HEALTHEXP","COMPULSORY","USD_CAP","A","2018",4032.585,"P"
"AUT","HEALTHEXP","VOLUNTARY","USD_CAP","A","2015",1282.761,"D"
"AUT","HEALTHEXP","VOLUNTARY","USD_CAP","A","2016",1345.905,"D"
"AUT","HEALTHEXP","VOLUNTARY","USD_CAP","A","2017",1370.139,"D"
"AUT","HEALTHEXP","VOLUNTARY","USD_CAP","A","2018",1362.521,
"BEL","HEALTHEXP","COMPULSORY","USD_CAP","A","2015",3512.743,
"BEL","HEALTHEXP","COMPULSORY","USD_CAP","A","2016",3598.658,
"BEL","HEALTHEXP","COMPULSORY","USD_CAP","A","2017",3732.702,
"BEL","HEALTHEXP","COMPULSORY","USD_CAP","A","2018",3819.944,"E"
"BEL","HEALTHEXP","VOLUNTARY","USD_CAP","A","2015",1013.854,
"BEL","HEALTHEXP","VOLUNTARY","USD_CAP","A","2016",1067.567,
"BEL","HEALTHEXP","VOLUNTARY","USD_CAP","A","2017",1099.563,
"BEL","HEALTHEXP","VOLUNTARY","USD_CAP","A","2018",1123.593,"E"
"CAN","HEALTHEXP","COMPULSORY","USD_CAP","A","2015",3223.45,
"CAN","HEALTHEXP","COMPULSORY","USD_CAP","A","2016",3291.006,
"CAN","HEALTHEXP","COMPULSORY","USD_CAP","A","2017",3360.245,"P"
"CAN","HEALTHEXP","COMPULSORY","USD_CAP","A","2018",3465.984,"P"
"CAN","HEALTHEXP","VOLUNTARY","USD_CAP","A","2015",1327.381,
"CAN","HEALTHEXP","VOLUNTARY","USD_CAP","A","2016",1407.01,
"CAN","HEALTHEXP","VOLUNTARY","USD_CAP","A","2017",1451.545,"P"
"CAN","HEALTHEXP","VOLUNTARY","USD_CAP","A","2018",1508.346,"P"
"CZE","HEALTHEXP","COMPULSORY","USD_CAP","A","2015",2096.761,
"CZE","HEALTHEXP","COMPULSORY","USD_CAP","A","2016",2154.124,
"CZE","HEALTHEXP","COMPULSORY","USD_CAP","A","2017",2340.011,
"CZE","HEALTHEXP","COMPULSORY","USD_CAP","A","2018",2525.236,"E"
"CZE","HEALTHEXP","VOLUNTARY","USD_CAP","A","2015",448.75,
"CZE","HEALTHEXP","VOLUNTARY","USD_CAP","A","2016",473.574,
"CZE","HEALTHEXP","VOLUNTARY","USD_CAP","A","2017",510.395,
"CZE","HEALTHEXP","VOLUNTARY","USD_CAP","A","2018",532.379,"E"
"DNK","HEALTHEXP","COMPULSORY","USD_CAP","A","2015",3935.14,
"DNK","HEALTHEXP","COMPULSORY","USD_CAP","A","2016",4016.23,
"DNK","HEALTHEXP","COMPULSORY","USD_CAP","A","2017",4221.805,
"DNK","HEALTHEXP","COMPULSORY","USD_CAP","A","2018",4472.212,"E"
"DNK","HEALTHEXP","VOLUNTARY","USD_CAP","A","2015",739.356,
"DNK","HEALTHEXP","VOLUNTARY","USD_CAP","A","2016",758.039,
"DNK","HEALTHEXP","VOLUNTARY","USD_CAP","A","2017",802.717,
"DNK","HEALTHEXP","VOLUNTARY","USD_CAP","A","2018",826.609,"E"
"FIN","HEALTHEXP","COMPULSORY","USD_CAP","A","2015",3036.868,
"FIN","HEALTHEXP","COMPULSORY","USD_CAP","A","2016",3017.289,
"FIN","HEALTHEXP","COMPULSORY","USD_CAP","A","2017",3101.365,
"FIN","HEALTHEXP","COMPULSORY","USD_CAP","A","2018",3184.497,"P"
"FIN","HEALTHEXP","VOLUNTARY","USD_CAP","A","2015",953.774,
"FIN","HEALTHEXP","VOLUNTARY","USD_CAP","A","2016",1006.154,
"FIN","HEALTHEXP","VOLUNTARY","USD_CAP","A","2017",1025.352,
"FIN","HEALTHEXP","VOLUNTARY","USD_CAP","A","2018",1043.715,"P"
"FRA","HEALTHEXP","COMPULSORY","USD_CAP","A","2015",3585.515,
"FRA","HEALTHEXP","COMPULSORY","USD_CAP","A","2016",4023.576,
"FRA","HEALTHEXP","COMPULSORY","USD_CAP","A","2017",4111.199,
"FRA","HEALTHEXP","COMPULSORY","USD_CAP","A","2018",4141.169,"E"
"FRA","HEALTHEXP","VOLUNTARY","USD_CAP","A","2015",1090.289,
"FRA","HEALTHEXP","VOLUNTARY","USD_CAP","A","2016",820.441,
"FRA","HEALTHEXP","VOLUNTARY","USD_CAP","A","2017",819.576,
"FRA","HEALTHEXP","VOLUNTARY","USD_CAP","A","2018",823.54,"E"
"DEU","HEALTHEXP","COMPULSORY","USD_CAP","A","2015",4448.609,
"DEU","HEALTHEXP","COMPULSORY","USD_CAP","A","2016",4674.648,
"DEU","HEALTHEXP","COMPULSORY","USD_CAP","A","2017",4933.267,
"DEU","HEALTHEXP","COMPULSORY","USD_CAP","A","2018",5056.076,"P"
"DEU","HEALTHEXP","VOLUNTARY","USD_CAP","A","2015",842.672,
"DEU","HEALTHEXP","VOLUNTARY","USD_CAP","A","2016",875.511,
"DEU","HEALTHEXP","VOLUNTARY","USD_CAP","A","2017",914.393,
"DEU","HEALTHEXP","VOLUNTARY","USD_CAP","A","2018",930.371,"P"
"GRC","HEALTHEXP","COMPULSORY","USD_CAP","A","2015",1217.495,
"GRC","HEALTHEXP","COMPULSORY","USD_CAP","A","2016",1341.975,
"GRC","HEALTHEXP","COMPULSORY","USD_CAP","A","2017",1342.589,
"GRC","HEALTHEXP","COMPULSORY","USD_CAP","A","2018",1348.837,"E"
"GRC","HEALTHEXP","VOLUNTARY","USD_CAP","A","2015",848.619,
"GRC","HEALTHEXP","VOLUNTARY","USD_CAP","A","2016",850.403,
"GRC","HEALTHEXP","VOLUNTARY","USD_CAP","A","2017",860.557,
"GRC","HEALTHEXP","VOLUNTARY","USD_CAP","A","2018",885.361,"E"
"HUN","HEALTHEXP","COMPULSORY","USD_CAP","A","2015",1289.946,
"HUN","HEALTHEXP","COMPULSORY","USD_CAP","A","2016",1337.651,
"HUN","HEALTHEXP","COMPULSORY","USD_CAP","A","2017",1381.611,
"HUN","HEALTHEXP","COMPULSORY","USD_CAP","A","2018",1438.794,"P"
"HUN","HEALTHEXP","VOLUNTARY","USD_CAP","A","2015",601.782,
"HUN","HEALTHEXP","VOLUNTARY","USD_CAP","A","2016",627.367,
"HUN","HEALTHEXP","VOLUNTARY","USD_CAP","A","2017",614.838,
"HUN","HEALTHEXP","VOLUNTARY","USD_CAP","A","2018",607.983,"P"
"ISL","HEALTHEXP","COMPULSORY","USD_CAP","A","2015",3018.919,
"ISL","HEALTHEXP","COMPULSORY","USD_CAP","A","2016",3192.207,
"ISL","HEALTHEXP","COMPULSORY","USD_CAP","A","2017",3399.06,
"ISL","HEALTHEXP","COMPULSORY","USD_CAP","A","2018",3570.125,"E"
"ISL","HEALTHEXP","VOLUNTARY","USD_CAP","A","2015",716.327,
"ISL","HEALTHEXP","VOLUNTARY","USD_CAP","A","2016",724.127,
"ISL","HEALTHEXP","VOLUNTARY","USD_CAP","A","2017",754.813,
"ISL","HEALTHEXP","VOLUNTARY","USD_CAP","A","2018",778.969,"E"
"IRL","HEALTHEXP","COMPULSORY","USD_CAP","A","2015",3098.352,
"IRL","HEALTHEXP","COMPULSORY","USD_CAP","A","2016",3240.456,
"IRL","HEALTHEXP","COMPULSORY","USD_CAP","A","2017",3394.31,
"IRL","HEALTHEXP","COMPULSORY","USD_CAP","A","2018",3648.946,"E"
"IRL","HEALTHEXP","VOLUNTARY","USD_CAP","A","2015",1203.498,
"IRL","HEALTHEXP","VOLUNTARY","USD_CAP","A","2016",1230.292,
"IRL","HEALTHEXP","VOLUNTARY","USD_CAP","A","2017",1236.807,
"IRL","HEALTHEXP","VOLUNTARY","USD_CAP","A","2018",1266.548,"E"
"ITA","HEALTHEXP","COMPULSORY","USD_CAP","A","2015",2334.192,
"ITA","HEALTHEXP","COMPULSORY","USD_CAP","A","2016",2436.046,
"ITA","HEALTHEXP","COMPULSORY","USD_CAP","A","2017",2495.008,
"ITA","HEALTHEXP","COMPULSORY","USD_CAP","A","2018",2544.577,"P"
"ITA","HEALTHEXP","VOLUNTARY","USD_CAP","A","2015",795.078,
"ITA","HEALTHEXP","VOLUNTARY","USD_CAP","A","2016",828.323,
"ITA","HEALTHEXP","VOLUNTARY","USD_CAP","A","2017",881.306,
"ITA","HEALTHEXP","VOLUNTARY","USD_CAP","A","2018",883.23,"P"
"JPN","HEALTHEXP","COMPULSORY","USD_CAP","A","2015",3797.912,
"JPN","HEALTHEXP","COMPULSORY","USD_CAP","A","2016",3792.469,
"JPN","HEALTHEXP","COMPULSORY","USD_CAP","A","2017",3893.113,"P"
"JPN","HEALTHEXP","COMPULSORY","USD_CAP","A","2018",4007.751,"P"
"JPN","HEALTHEXP","VOLUNTARY","USD_CAP","A","2015",718.95,
"JPN","HEALTHEXP","VOLUNTARY","USD_CAP","A","2016",720.376,
"JPN","HEALTHEXP","VOLUNTARY","USD_CAP","A","2017",736.446,"P"
"JPN","HEALTHEXP","VOLUNTARY","USD_CAP","A","2018",758.32,"P"
"KOR","HEALTHEXP","COMPULSORY","USD_CAP","A","2015",1464.584,
"KOR","HEALTHEXP","COMPULSORY","USD_CAP","A","2016",1582.854,
"KOR","HEALTHEXP","COMPULSORY","USD_CAP","A","2017",1689.708,
"KOR","HEALTHEXP","COMPULSORY","USD_CAP","A","2018",1907.552,"P"
"KOR","HEALTHEXP","VOLUNTARY","USD_CAP","A","2015",1023.432,
"KOR","HEALTHEXP","VOLUNTARY","USD_CAP","A","2016",1095.376,
"KOR","HEALTHEXP","VOLUNTARY","USD_CAP","A","2017",1180.545,
"KOR","HEALTHEXP","VOLUNTARY","USD_CAP","A","2018",1284.002,"P"
"LUX","HEALTHEXP","COMPULSORY","USD_CAP","A","2015",4046.489,
"LUX","HEALTHEXP","COMPULSORY","USD_CAP","A","2016",4094.733,
"LUX","HEALTHEXP","COMPULSORY","USD_CAP","A","2017",4151.46,
"LUX","HEALTHEXP","COMPULSORY","USD_CAP","A","2018",4256.472,"E"
"LUX","HEALTHEXP","VOLUNTARY","USD_CAP","A","2015",709.361,
"LUX","HEALTHEXP","VOLUNTARY","USD_CAP","A","2016",716.23,
"LUX","HEALTHEXP","VOLUNTARY","USD_CAP","A","2017",722.009,
"LUX","HEALTHEXP","VOLUNTARY","USD_CAP","A","2018",748.039,"E"
"MEX","HEALTHEXP","COMPULSORY","USD_CAP","A","2015",561.039,
"MEX","HEALTHEXP","COMPULSORY","USD_CAP","A","2016",557.772,"B"
"MEX","HEALTHEXP","COMPULSORY","USD_CAP","A","2017",569.198,
"MEX","HEALTHEXP","COMPULSORY","USD_CAP","A","2018",585.802,"E"
"MEX","HEALTHEXP","VOLUNTARY","USD_CAP","A","2015",514.394,
"MEX","HEALTHEXP","VOLUNTARY","USD_CAP","A","2016",508.103,"B"
"MEX","HEALTHEXP","VOLUNTARY","USD_CAP","A","2017",535.774,
"MEX","HEALTHEXP","VOLUNTARY","USD_CAP","A","2018",552.162,"E"
"NLD","HEALTHEXP","COMPULSORY","USD_CAP","A","2015",4010.735,
"NLD","HEALTHEXP","COMPULSORY","USD_CAP","A","2016",4073.387,
"NLD","HEALTHEXP","COMPULSORY","USD_CAP","A","2017",4203.787,
"NLD","HEALTHEXP","COMPULSORY","USD_CAP","A","2018",4342.664,"P"
"NLD","HEALTHEXP","VOLUNTARY","USD_CAP","A","2015",917.631,
"NLD","HEALTHEXP","VOLUNTARY","USD_CAP","A","2016",945.02,
"NLD","HEALTHEXP","VOLUNTARY","USD_CAP","A","2017",951.257,
"NLD","HEALTHEXP","VOLUNTARY","USD_CAP","A","2018",945.773,
"NZL","HEALTHEXP","COMPULSORY","USD_CAP","A","2015",2775.193,"P"
"NZL","HEALTHEXP","COMPULSORY","USD_CAP","A","2016",2880.479,"P"
"NZL","HEALTHEXP","COMPULSORY","USD_CAP","A","2017",2940.913,"P"
"NZL","HEALTHEXP","COMPULSORY","USD_CAP","A","2018",3107.65,"P"
"NZL","HEALTHEXP","VOLUNTARY","USD_CAP","A","2015",738.182,"P"
"NZL","HEALTHEXP","VOLUNTARY","USD_CAP","A","2016",781.739,"P"
"NZL","HEALTHEXP","VOLUNTARY","USD_CAP","A","2017",801.315,"P"
"NZL","HEALTHEXP","VOLUNTARY","USD_CAP","A","2018",814.985,"P"
"NOR","HEALTHEXP","COMPULSORY","USD_CAP","A","2015",4898.558,
"NOR","HEALTHEXP","COMPULSORY","USD_CAP","A","2016",4955.169,
"NOR","HEALTHEXP","COMPULSORY","USD_CAP","A","2017",5182.756,"P"
"NOR","HEALTHEXP","COMPULSORY","USD_CAP","A","2018",5288.751,"P"
"NOR","HEALTHEXP","VOLUNTARY","USD_CAP","A","2015",829.772,
"NOR","HEALTHEXP","VOLUNTARY","USD_CAP","A","2016",848.533,
"NOR","HEALTHEXP","VOLUNTARY","USD_CAP","A","2017",880.858,"P"
"NOR","HEALTHEXP","VOLUNTARY","USD_CAP","A","2018",898.187,"P"
"POL","HEALTHEXP","COMPULSORY","USD_CAP","A","2015",1261.889,
"POL","HEALTHEXP","COMPULSORY","USD_CAP","A","2016",1337.64,
"POL","HEALTHEXP","COMPULSORY","USD_CAP","A","2017",1423.147,
"POL","HEALTHEXP","COMPULSORY","USD_CAP","A","2018",1475.946,"P"
"POL","HEALTHEXP","VOLUNTARY","USD_CAP","A","2015",541.106,
"POL","HEALTHEXP","VOLUNTARY","USD_CAP","A","2016",577.412,
"POL","HEALTHEXP","VOLUNTARY","USD_CAP","A","2017",624.582,
"POL","HEALTHEXP","VOLUNTARY","USD_CAP","A","2018",580.412,"P"
"PRT","HEALTHEXP","COMPULSORY","USD_CAP","A","2015",1680.667,
"PRT","HEALTHEXP","COMPULSORY","USD_CAP","A","2016",1768.935,
"PRT","HEALTHEXP","COMPULSORY","USD_CAP","A","2017",1829.351,
"PRT","HEALTHEXP","COMPULSORY","USD_CAP","A","2018",1901.778,"P"
"PRT","HEALTHEXP","VOLUNTARY","USD_CAP","A","2015",859.405,
"PRT","HEALTHEXP","VOLUNTARY","USD_CAP","A","2016",898.756,
"PRT","HEALTHEXP","VOLUNTARY","USD_CAP","A","2017",929.175,
"PRT","HEALTHEXP","VOLUNTARY","USD_CAP","A","2018",959.604,"P"
"SVK","HEALTHEXP","COMPULSORY","USD_CAP","A","2015",1641.877,
"SVK","HEALTHEXP","COMPULSORY","USD_CAP","A","2016",1757.776,
"SVK","HEALTHEXP","COMPULSORY","USD_CAP","A","2017",1748.871,
"SVK","HEALTHEXP","COMPULSORY","USD_CAP","A","2018",1833.896,"E"
"SVK","HEALTHEXP","VOLUNTARY","USD_CAP","A","2015",417.778,
"SVK","HEALTHEXP","VOLUNTARY","USD_CAP","A","2016",429.591,
"SVK","HEALTHEXP","VOLUNTARY","USD_CAP","A","2017",438.891,
"SVK","HEALTHEXP","VOLUNTARY","USD_CAP","A","2018",456.434,"E"
"ESP","HEALTHEXP","COMPULSORY","USD_CAP","A","2015",2154.148,
"ESP","HEALTHEXP","COMPULSORY","USD_CAP","A","2016",2207.845,
"ESP","HEALTHEXP","COMPULSORY","USD_CAP","A","2017",2276.727,
"ESP","HEALTHEXP","COMPULSORY","USD_CAP","A","2018",2341.375,"E"
"ESP","HEALTHEXP","VOLUNTARY","USD_CAP","A","2015",870.499,
"ESP","HEALTHEXP","VOLUNTARY","USD_CAP","A","2016",897.801,
"ESP","HEALTHEXP","VOLUNTARY","USD_CAP","A","2017",947.363,
"ESP","HEALTHEXP","VOLUNTARY","USD_CAP","A","2018",981.244,"E"
"SWE","HEALTHEXP","COMPULSORY","USD_CAP","A","2015",4189.643,
"SWE","HEALTHEXP","COMPULSORY","USD_CAP","A","2016",4210.547,
"SWE","HEALTHEXP","COMPULSORY","USD_CAP","A","2017",4406.035,
"SWE","HEALTHEXP","COMPULSORY","USD_CAP","A","2018",4569.494,"P"
"SWE","HEALTHEXP","VOLUNTARY","USD_CAP","A","2015",837.689,
"SWE","HEALTHEXP","VOLUNTARY","USD_CAP","A","2016",838.329,
"SWE","HEALTHEXP","VOLUNTARY","USD_CAP","A","2017",858.364,
"SWE","HEALTHEXP","VOLUNTARY","USD_CAP","A","2018",877.615,"P"
"CHE","HEALTHEXP","COMPULSORY","USD_CAP","A","2015",4283.246,
"CHE","HEALTHEXP","COMPULSORY","USD_CAP","A","2016",4358.241,
"CHE","HEALTHEXP","COMPULSORY","USD_CAP","A","2017",4545.428,
"CHE","HEALTHEXP","COMPULSORY","USD_CAP","A","2018",4660.415,"E"
"CHE","HEALTHEXP","VOLUNTARY","USD_CAP","A","2015",2477.261,
"CHE","HEALTHEXP","VOLUNTARY","USD_CAP","A","2016",2583.945,
"CHE","HEALTHEXP","VOLUNTARY","USD_CAP","A","2017",2601.411,
"CHE","HEALTHEXP","VOLUNTARY","USD_CAP","A","2018",2656.19,"E"
"TUR","HEALTHEXP","COMPULSORY","USD_CAP","A","2015",812.883,
"TUR","HEALTHEXP","COMPULSORY","USD_CAP","A","2016",883.851,
"TUR","HEALTHEXP","COMPULSORY","USD_CAP","A","2017",921.339,
"TUR","HEALTHEXP","COMPULSORY","USD_CAP","A","2018",957.131,"E"
"TUR","HEALTHEXP","VOLUNTARY","USD_CAP","A","2015",227.49,
"TUR","HEALTHEXP","VOLUNTARY","USD_CAP","A","2016",242.904,
"TUR","HEALTHEXP","VOLUNTARY","USD_CAP","A","2017",264.263,
"TUR","HEALTHEXP","VOLUNTARY","USD_CAP","A","2018",269.453,"E"
"GBR","HEALTHEXP","COMPULSORY","USD_CAP","A","2015",2939.611,
"GBR","HEALTHEXP","COMPULSORY","USD_CAP","A","2016",3046.77,
"GBR","HEALTHEXP","COMPULSORY","USD_CAP","A","2017",3107.053,
"GBR","HEALTHEXP","COMPULSORY","USD_CAP","A","2018",3138.498,"E"
"GBR","HEALTHEXP","VOLUNTARY","USD_CAP","A","2015",763.47,
"GBR","HEALTHEXP","VOLUNTARY","USD_CAP","A","2016",786.481,
"GBR","HEALTHEXP","VOLUNTARY","USD_CAP","A","2017",835.851,
"GBR","HEALTHEXP","VOLUNTARY","USD_CAP","A","2018",931.071,"E"
"USA","HEALTHEXP","COMPULSORY","USD_CAP","A","2015",8041.099,
"USA","HEALTHEXP","COMPULSORY","USD_CAP","A","2016",8370.84,
"USA","HEALTHEXP","COMPULSORY","USD_CAP","A","2017",8627.259,
"USA","HEALTHEXP","COMPULSORY","USD_CAP","A","2018",8949,"E"
"USA","HEALTHEXP","VOLUNTARY","USD_CAP","A","2015",1463.975,"D"
"USA","HEALTHEXP","VOLUNTARY","USD_CAP","A","2016",1532.811,"D"
"USA","HEALTHEXP","VOLUNTARY","USD_CAP","A","2017",1579.251,"D"
"USA","HEALTHEXP","VOLUNTARY","USD_CAP","A","2018",1637.084,"E"
"BRA","HEALTHEXP","COMPULSORY","USD_CAP","A","2015",549.964,"E"
"BRA","HEALTHEXP","COMPULSORY","USD_CAP","A","2016",551.071,"E"
"BRA","HEALTHEXP","VOLUNTARY","USD_CAP","A","2015",726.951,"E"
"BRA","HEALTHEXP","VOLUNTARY","USD_CAP","A","2016",729.367,"E"
"CHL","HEALTHEXP","COMPULSORY","USD_CAP","A","2015",1079.572,
"CHL","HEALTHEXP","COMPULSORY","USD_CAP","A","2016",1109.627,
"CHL","HEALTHEXP","COMPULSORY","USD_CAP","A","2017",1254.475,
"CHL","HEALTHEXP","COMPULSORY","USD_CAP","A","2018",1272.1,"P"
"CHL","HEALTHEXP","VOLUNTARY","USD_CAP","A","2015",758.114,
"CHL","HEALTHEXP","VOLUNTARY","USD_CAP","A","2016",788.17,
"CHL","HEALTHEXP","VOLUNTARY","USD_CAP","A","2017",840.806,
"CHL","HEALTHEXP","VOLUNTARY","USD_CAP","A","2018",909.625,"P"
"CHN","HEALTHEXP","COMPULSORY","USD_CAP","A","2015",385.509,
"CHN","HEALTHEXP","COMPULSORY","USD_CAP","A","2016",399.146,
"CHN","HEALTHEXP","VOLUNTARY","USD_CAP","A","2015",245.854,
"CHN","HEALTHEXP","VOLUNTARY","USD_CAP","A","2016",276.78,
"COL","HEALTHEXP","COMPULSORY","USD_CAP","A","2015",716.281,
"COL","HEALTHEXP","COMPULSORY","USD_CAP","A","2016",690.579,
"COL","HEALTHEXP","COMPULSORY","USD_CAP","A","2017",705.747,
"COL","HEALTHEXP","VOLUNTARY","USD_CAP","A","2015",235.371,
"COL","HEALTHEXP","VOLUNTARY","USD_CAP","A","2016",241.483,
"COL","HEALTHEXP","VOLUNTARY","USD_CAP","A","2017",254.422,
"CRI","HEALTHEXP","COMPULSORY","USD_CAP","A","2015",938.647,
"CRI","HEALTHEXP","COMPULSORY","USD_CAP","A","2016",964.928,
"CRI","HEALTHEXP","VOLUNTARY","USD_CAP","A","2015",315.422,
"CRI","HEALTHEXP","VOLUNTARY","USD_CAP","A","2016",319.905,
"EST","HEALTHEXP","COMPULSORY","USD_CAP","A","2015",1412.706,
"EST","HEALTHEXP","COMPULSORY","USD_CAP","A","2016",1522.931,
"EST","HEALTHEXP","COMPULSORY","USD_CAP","A","2017",1585.05,
"EST","HEALTHEXP","COMPULSORY","USD_CAP","A","2018",1678.881,"P"
"EST","HEALTHEXP","VOLUNTARY","USD_CAP","A","2015",455.444,
"EST","HEALTHEXP","VOLUNTARY","USD_CAP","A","2016",489.989,
"EST","HEALTHEXP","VOLUNTARY","USD_CAP","A","2017",535.44,
"EST","HEALTHEXP","VOLUNTARY","USD_CAP","A","2018",552.524,"P"
"IND","HEALTHEXP","COMPULSORY","USD_CAP","A","2015",48.608,
"IND","HEALTHEXP","COMPULSORY","USD_CAP","A","2016",51.814,
"IND","HEALTHEXP","VOLUNTARY","USD_CAP","A","2015",135.603,
"IND","HEALTHEXP","VOLUNTARY","USD_CAP","A","2016",145.565,
"IDN","HEALTHEXP","COMPULSORY","USD_CAP","A","2015",113.522,
"IDN","HEALTHEXP","COMPULSORY","USD_CAP","A","2016",136.051,
"IDN","HEALTHEXP","VOLUNTARY","USD_CAP","A","2015",121.477,
"IDN","HEALTHEXP","VOLUNTARY","USD_CAP","A","2016",122.632,
"ISR","HEALTHEXP","COMPULSORY","USD_CAP","A","2015",1465.883,
"ISR","HEALTHEXP","COMPULSORY","USD_CAP","A","2016",1621.034,
"ISR","HEALTHEXP","COMPULSORY","USD_CAP","A","2017",1696.502,
"ISR","HEALTHEXP","COMPULSORY","USD_CAP","A","2018",1773.014,"E"
"ISR","HEALTHEXP","VOLUNTARY","USD_CAP","A","2015",810.771,
"ISR","HEALTHEXP","VOLUNTARY","USD_CAP","A","2016",885.646,
"ISR","HEALTHEXP","VOLUNTARY","USD_CAP","A","2017",922.94,
"ISR","HEALTHEXP","VOLUNTARY","USD_CAP","A","2018",960.091,"E"
"LVA","HEALTHEXP","COMPULSORY","USD_CAP","A","2015",801.372,
"LVA","HEALTHEXP","COMPULSORY","USD_CAP","A","2016",864.809,
"LVA","HEALTHEXP","COMPULSORY","USD_CAP","A","2017",945.52,
"LVA","HEALTHEXP","COMPULSORY","USD_CAP","A","2018",1003.741,"E"
"LVA","HEALTHEXP","VOLUNTARY","USD_CAP","A","2015",603.651,
"LVA","HEALTHEXP","VOLUNTARY","USD_CAP","A","2016",718.146,
"LVA","HEALTHEXP","VOLUNTARY","USD_CAP","A","2017",703.757,
"LVA","HEALTHEXP","VOLUNTARY","USD_CAP","A","2018",744.796,"E"
"LTU","HEALTHEXP","COMPULSORY","USD_CAP","A","2015",1287.464,
"LTU","HEALTHEXP","COMPULSORY","USD_CAP","A","2016",1370.427,
"LTU","HEALTHEXP","COMPULSORY","USD_CAP","A","2017",1451.389,
"LTU","HEALTHEXP","COMPULSORY","USD_CAP","A","2018",1606.574,"P"
"LTU","HEALTHEXP","VOLUNTARY","USD_CAP","A","2015",628.921,
"LTU","HEALTHEXP","VOLUNTARY","USD_CAP","A","2016",687.059,
"LTU","HEALTHEXP","VOLUNTARY","USD_CAP","A","2017",730.577,
"LTU","HEALTHEXP","VOLUNTARY","USD_CAP","A","2018",808.692,"P"
"RUS","HEALTHEXP","COMPULSORY","USD_CAP","A","2015",836.458,
"RUS","HEALTHEXP","COMPULSORY","USD_CAP","A","2016",808.39,
"RUS","HEALTHEXP","COMPULSORY","USD_CAP","A","2017",864.134,
"RUS","HEALTHEXP","VOLUNTARY","USD_CAP","A","2015",588.064,
"RUS","HEALTHEXP","VOLUNTARY","USD_CAP","A","2016",611.082,
"RUS","HEALTHEXP","VOLUNTARY","USD_CAP","A","2017",649.534,
"SVN","HEALTHEXP","COMPULSORY","USD_CAP","A","2015",1846.779,
"SVN","HEALTHEXP","COMPULSORY","USD_CAP","A","2016",1949.946,
"SVN","HEALTHEXP","COMPULSORY","USD_CAP","A","2017",2022.399,
"SVN","HEALTHEXP","COMPULSORY","USD_CAP","A","2018",2085.419,"P"
"SVN","HEALTHEXP","VOLUNTARY","USD_CAP","A","2015",727.376,
"SVN","HEALTHEXP","VOLUNTARY","USD_CAP","A","2016",732.973,
"SVN","HEALTHEXP","VOLUNTARY","USD_CAP","A","2017",778.834,
"SVN","HEALTHEXP","VOLUNTARY","USD_CAP","A","2018",774.027,"P"
"ZAF","HEALTHEXP","COMPULSORY","USD_CAP","A","2015",459.194,
"ZAF","HEALTHEXP","COMPULSORY","USD_CAP","A","2016",459.719,
"ZAF","HEALTHEXP","VOLUNTARY","USD_CAP","A","2015",583.794,
"ZAF","HEALTHEXP","VOLUNTARY","USD_CAP","A","2016",585.769,
"BGR","HEALTHEXP","COMPULSORY","USD_CAP","A","2015",805.398,
"BGR","HEALTHEXP","COMPULSORY","USD_CAP","A","2016",869.729,
"BGR","HEALTHEXP","COMPULSORY","USD_CAP","A","2017",928.4,
"BGR","HEALTHEXP","VOLUNTARY","USD_CAP","A","2015",771.122,
"BGR","HEALTHEXP","VOLUNTARY","USD_CAP","A","2016",843.501,
"BGR","HEALTHEXP","VOLUNTARY","USD_CAP","A","2017",854.354,
"HRV","HEALTHEXP","COMPULSORY","USD_CAP","A","2015",1258.607,
"HRV","HEALTHEXP","COMPULSORY","USD_CAP","A","2016",1368.785,
"HRV","HEALTHEXP","COMPULSORY","USD_CAP","A","2017",1433.772,
"HRV","HEALTHEXP","VOLUNTARY","USD_CAP","A","2015",247.604,
"HRV","HEALTHEXP","VOLUNTARY","USD_CAP","A","2016",269.969,
"HRV","HEALTHEXP","VOLUNTARY","USD_CAP","A","2017",281.758,
"CYP","HEALTHEXP","COMPULSORY","USD_CAP","A","2015",875.404,
"CYP","HEALTHEXP","COMPULSORY","USD_CAP","A","2016",921.97,
"CYP","HEALTHEXP","COMPULSORY","USD_CAP","A","2017",970.394,
"CYP","HEALTHEXP","VOLUNTARY","USD_CAP","A","2015",1175.943,
"CYP","HEALTHEXP","VOLUNTARY","USD_CAP","A","2016",1265.842,
"CYP","HEALTHEXP","VOLUNTARY","USD_CAP","A","2017",1306.36,
"MLT","HEALTHEXP","COMPULSORY","USD_CAP","A","2015",1948.117,
"MLT","HEALTHEXP","COMPULSORY","USD_CAP","A","2016",2151.155,
"MLT","HEALTHEXP","COMPULSORY","USD_CAP","A","2017",2361.513,
"MLT","HEALTHEXP","VOLUNTARY","USD_CAP","A","2015",1268.222,
"MLT","HEALTHEXP","VOLUNTARY","USD_CAP","A","2016",1247.675,
"MLT","HEALTHEXP","VOLUNTARY","USD_CAP","A","2017",1353.088,
"ROU","HEALTHEXP","COMPULSORY","USD_CAP","A","2015",848.578,
"ROU","HEALTHEXP","COMPULSORY","USD_CAP","A","2016",962.945,
"ROU","HEALTHEXP","COMPULSORY","USD_CAP","A","2017",1100.836,
"ROU","HEALTHEXP","VOLUNTARY","USD_CAP","A","2015",239.034,
"ROU","HEALTHEXP","VOLUNTARY","USD_CAP","A","2016",266.43,
"ROU","HEALTHEXP","VOLUNTARY","USD_CAP","A","2017",298.792,
